Designator,Quantity,Value,Footprint,Package,MPN,DNP,Mount_Type,Description,Sim.Pins,PARTREV,STANDARD,OPTION,MAXIMUM_PACKAGE_HEIGHT,MANUFACTURER,CREATOR,CAD_BUILD,MF,Purchase-URL,Price,MP,Availability,Description_1,DESCRIPTION,PRICE,AVAILABILITY
"C1, C17, C18, C19, C4, C5, C7",7,0.1uF,C_0402_1005Metric,,,,smt,Unpolarized capacitor,,,,,,,,,,,,,,,,,
"C10, C13, C20",3,22uF,C_0402_1005Metric,,,,smt,Unpolarized capacitor,,,,,,,,,,,,,,,,,
"C11, C12, C2, C29",4,1uF,C_0402_1005Metric,,,,smt,Unpolarized capacitor,,,,,,,,,,,,,,,,,
"C14, C16",2,4.7uF,C_0402_1005Metric,,,,smt,Unpolarized capacitor,,,,,,,,,,,,,,,,,
"C15, C8, C9",3,10uF,C_0402_1005Metric,,,,smt,Unpolarized capacitor,,,,,,,,,,,,,,,,,
"C21, C6",2,0.1uF,C_0603_1608Metric,,,,smt,Unpolarized capacitor,,,,,,,,,,,,,,,,,
"C22, C23",2,4.7uF,C_1206_3216Metric,,,,smt,Polarized capacitor,,,,,,,,,,,,,,,,,
"C24, C25",2,1uF,C_0603_1608Metric,,,,smt,Unpolarized capacitor,,,,,,,,,,,,,,,,,
C26,1,220pF,C_0603_1608Metric,,,,smt,Unpolarized capacitor,,,,,,,,,,,,,,,,,
C3,1,470 mF,CP_Radial_D8.0mm_P3.50mm,,,,tht,Polarized capacitor,,,,,,,,,,,,,,,,,
"CR1, CR2, CR3",3,PESD5V0F1BLD_315,DFN1006D-2_SOD882D_NEX,,,,smt,,,,,,,,,,,,,,,,,,
D1,1,RED LED,LED_0603_1608Metric,,,,smt,Light emitting diode,1=K 2=A,,,,,,,,,,,,,,,,
"D2, D3, D4",3,LED,LED_0603_1608Metric,,,,smt,Light emitting diode,1=K 2=A,,,,,,,,,,,,,,,,
J1,1,5033981892,CONN_503398-1892_MOL,,,,smt,,,,,,,,,,,,,,,,,,
J2,1,1054500101,MOLEX_1054500101,,,,smt,,,A7,Manufacturer Recommendations,MOLEX_CONFIG,3.24mm,Molex,,,,,,,,,,,
J3,1,CONMHF1-SMD-T,TE_CONMHF1-SMD-T,,,,smt,,,09/22,Manufacturer Recommendations,,1.31mm,TE Connectivity,DIZAR,TE OEM,,,,,,,,,
J4,1,Conn_01x02_Pin,PinHeader_1x02_P1.00mm_Vertical,,,,tht,"Generic connector, single row, 01x02, script generated",,,,,,,,,,,,,,,,,
J5,1,Conn_01x28_Socket,Conn_Zif_26Pin,,,,smt,"Generic connector, single row, 01x28, script generated",,,,,,,,,,,,,,,,,
J6,1,Conn_01x05_Pin,PinHeader_1x05_P2.54mm_Vertical,,,,tht,"Generic connector, single row, 01x05, script generated",,,,,,,,,,,,,,,,,
L1,1,2.2uH,L_0603_1608Metric,,,,smt,Inductor,,,,,,,,,,,,,,,,,
L2,1,22uH,L_0805_2012Metric,,,,smt,Inductor,,,,,,,,,,,,,,,,,
Q1,1,SOT-23,SOT-23-3_1P4X3P040_ONS,,,,smt,"800mA Ic, 50V Vce, NPN Transistor, TO-39",,,,,,,,,,,,,,,,,
Q2,1,FDN340P,SOT-23,,,,smt,"-2A Id, -20V Vds, P-Channel MOSFET, 70mOhm Ron, SOT-23",,,,,,,,,,,,,,,,,
Q3,1,SS8050,SOT-23,,,,smt,"General Purpose NPN Transistor, 1.5A Ic, 25V Vce, SOT-23",,,,,,,,,,,,,,,,,
"R1, R14, R15, R18, R20",5,10k,R_0402_1005Metric,,,,smt,Resistor,,,,,,,,,,,,,,,,,
"R10, R16, R2, R6, R9",5,100k,R_0402_1005Metric,,,,smt,Resistor,,,,,,,,,,,,,,,,,
"R11, R12, R13",3,470,R_0402_1005Metric,,,,smt,Resistor,,,,,,,,,,,,,,,,,
"R17, R19, R4, R5",4,0,R_0402_1005Metric,,,,smt,Resistor,,,,,,,,,,,,,,,,,
R21,1,680k,R_0603_1608Metric,,,,smt,Resistor,,,,,,,,,,,,,,,,,
"R22, R23, R26, R30",4,10k,R_0603_1608Metric,,,,smt,Resistor,,,,,,,,,,,,,,,,,
R27,1,110k,R_0603_1608Metric,,,,smt,Resistor,,,,,,,,,,,,,,,,,
R28,1,2k,R_0603_1608Metric,,,,smt,Resistor,,,,,,,,,,,,,,,,,
R29,1,1k,R_0603_1608Metric,,,,smt,Resistor,,,,,,,,,,,,,,,,,
R3,1,4.7k,R_0402_1005Metric,,,,smt,Resistor,,,,,,,,,,,,,,,,,
"R7, R8",2,5.1k,R_0402_1005Metric,,,,smt,Resistor,,,,,,,,,,,,,,,,,
"S1, S2",2,TS04-66-70-BK-100-SMT,SW_TS04-66-70-BK-100-SMT,,,,smt,,,1.0,Manufacturer Recommendations,,,CUI Devices,,,,,,,,,,,
SW1,1,SW_Push,SW_Cherry_MX_1.00u_PCB,,,,tht,"Push button switch, generic, two pins",,,,,,,,,,,,,,,,,
TH1,1,10k,PinSocket_1x02_P2.54mm_Vertical,,,,tht,"Temperature dependent resistor, negative temperature coefficient",,,,,,,,,,,,,,,,,
U1,1,~,SOT-23-6,,,,smt,,,,,,,,,,,,,,,,,,
U10,1,ESP32-S2-SOLO-2U-N4,ESP32-S2-SOLO-2U_EXP,,,,smt,,,,,,,,,,,,,,,,,,
U2,1,BG95M3LA-64-SGNS,XCVR_BG95M3LA-64-SGNS,"SMD Quectel Wireless Solutions Co., Ltd",,,smt,,,,,,,,,,"Quectel Wireless Solutions Co., Ltd",https://pricing.snapeda.com/search/part/BG95M3LA-64-SGNS/?ref=eda,None,BG95M3LA-64-SGNS,In Stock,"Cellular, Navigation BeiDou, Galileo, GLONASS, GPS, GNSS, LTE Transceiver Module - Antenna Not Included Surface Mount",,,
U3,1,SN74AVC2T245RSWR,QFN40P180X140X55-10N,UQFN-10 Texas Instruments,,,smt,,,,IPC-7351B,,,,,,Texas Instruments,,,SN74AVC2T245RSWR,,,"Dual-Bit, 2-DIR pin Dual-Supply Bus Transceiver w/ Configurable Voltage Translation, 3-State Output 10-UQFN",None,Unavailable
U5,1,TPD2EUSB30ADRTR,SOTFL35P100X50-3N,,,,smt,,,,,,,,,,,,,,,,,,
U6,1,TPS62172DSGR,SON50P200X200X80-9N,,,,smt,,,,,,,,,,,,,,,,,,
U7,1,MIC5504-1.8YMT-TR,TDFN1010-4LD-PL-2_MCH,,,,smt,,,,,,,,,,,,,,,,,,
U8,1,MCP73871-2CCI_ML,QFN50P400X400X100-21N,,,,smt,,,,,,,,,,,,,,,,,,
