Refs,Qty,Value,Footprint,DNP,MPN,DigiKey,LegacyPkg,LegacyDesc,Datasheet,Price,Status,SchDescription,ReviewFlag
"C1,C4,C5,C7,C17,C18",6,0.1uF,Capacitor_SMD:C_0402_1005Metric,,CL05A104KA5NNNC,1276-1043-2-ND,402.0,0.1 µF ±10% 25V Ceramic Capacitor X5R 0402 (1005 Metric),https://mm.digikey.com/Volume0/opasdata/d220001/medias/docus/503/CL05A104KA5NNNC.pdf,0.08,carried forward,Unpolarized capacitor,
"C2,C11,C29,C39",4,1uF,Capacitor_SMD:C_0402_1005Metric,,JMK105BJ105KV-F,587-1231-2-ND,402.0,1 µF ±10% 6.3V Ceramic Capacitor X5R 0402 (1005 Metric),https://ds.yuden.co.jp/TYCOMPAS/ut/detail?pn=JMK105BJ105KV-F%20%20&amp;u=M,0.08,PARTIAL - no legacy row for C39,"USIM_VDD bulk - place close to J7 pin C1,Unpolarized capacitor",
C3,1,470 uF,Capacitor_THT:CP_Radial_D8.0mm_P3.50mm,,16ZLH470MEFCT78X11.5,1189-3712-1-ND,"Radial, Can","470 µF 16 V Aluminum Electrolytic Capacitors Radial, Can 8000 Hrs @ 10",https://www.rubycon.co.jp/wp-content/uploads/catalog-aluminum/ZLH.pdf,0.42,carried forward,Polarized capacitor,
"C6,C21",2,0.1uF,Capacitor_SMD:C_0603_1608Metric,,C0603C101K5RACAUTO7411,399-C0603C101K5RACAUTO7411CT-ND,603.0,100 pF ±10% 50V Ceramic Capacitor X7R 0603 (1608 Metric),https://yageogroup.com/content/datasheet/asset/file/KEM_C1023_X7R_AUTO_SMD,0.12,carried forward,Unpolarized capacitor,
"C8,C9",2,10uF,Capacitor_SMD:C_0402_1005Metric,,GRM155R61A106ME11D,490-GRM155R61A106ME11DCT-ND,402.0,10 µF ±20% 10V Ceramic Capacitor X5R 0402 (1005 Metric),https://search.murata.co.jp/Ceramy/image/img/A01X/G101/ENG/GRM155R61A106ME11-01A.pdf,0.08,carried forward,Unpolarized capacitor,
"C10,C13",2,22uF,Capacitor_SMD:C_0805_2012Metric,,GRM158R60J226ME01D,490-GRM158R60J226ME01DCT-ND,402.0,22 µF ±20% 6.3V Ceramic Capacitor X5R 0402 (1005 Metric),https://search.murata.co.jp/Ceramy/image/img/A01X/G101/ENG/GRM158R60J226ME01-01A.pdf,0.37,carried forward,Unpolarized capacitor,PACKAGE MISMATCH sch=0805 bom=0402
"C14,C16",2,4.7uF,Capacitor_SMD:C_0402_1005Metric,,CL05A475MP5NRNC,1276-1482-1-ND,402.0,4.7 µF ±20% 10V Ceramic Capacitor X5R 0402 (1005 Metric),https://mm.digikey.com/Volume0/opasdata/d220001/medias/docus/863/CL05A475MP5NRNC_Spec.pdf,0.1,carried forward,Unpolarized capacitor,
C15,1,10uF,Capacitor_SMD:C_0603_1608Metric,,GRM155R61A106ME11D,490-GRM155R61A106ME11DCT-ND,402.0,10 µF ±20% 10V Ceramic Capacitor X5R 0402 (1005 Metric),https://search.murata.co.jp/Ceramy/image/img/A01X/G101/ENG/GRM155R61A106ME11-01A.pdf,0.08,carried forward,Unpolarized capacitor,PACKAGE MISMATCH sch=0603 bom=0402
"C22,C23",2,4.7uF,Capacitor_SMD:C_1206_3216Metric,,T491A475K025AT,399-10128-1-ND,1206.0,4.7 µF Molded Tantalum Capacitors 25 V 1206 (3216 Metric) 6Ohm,https://yageogroup.com/content/datasheet/asset/file/KEM_T2005_T491,0.44,carried forward,Polarized capacitor,
"C24,C25",2,1uF,Capacitor_SMD:C_0603_1608Metric,,C0603C105K4RACTU,399-C0603C105K4RACTUCT-ND,603.0,1 µF ±10% 16V Ceramic Capacitor X7R 0603 (1608 Metric),https://yageogroup.com/content/datasheet/asset/file/KEM_C1002_X7R_SMD,0.08,carried forward,Unpolarized capacitor,
C26,1,220pF,Capacitor_SMD:C_0603_1608Metric,,8.85012206055E11,732-7974-1-ND,603.0,220 pF ±10% 25V Ceramic Capacitor X7R 0603 (1608 Metric),https://www.we-online.com/components/products/datasheet/885012206055.pdf,0.1,carried forward,Unpolarized capacitor,
"C30,C37,C38,C40",4,100nF,Capacitor_SMD:C_0402_1005Metric,,CL05A104KA5NNNC,,,,~,,family-fill from identical value+package,"SIM detect filter - place at the MCU end,USIM_VDD bypass - X7R, place ",
"C31,C34",2,15pF,Capacitor_SMD:C_0402_1005Metric,,,,,,~,,NEW - needs MPN,"RF pi series / DC block - C0G, populate in build 1",NO MPN
"C32,C33,C35,C36,C41,C42,C43",7,DNP,Capacitor_SMD:C_0402_1005Metric,DNP,,,,,~,,NEW - needs MPN,"RF pi shunt, connector side - C0G, DNP in build 1,RF pi shunt, modem s",NO MPN
"CR1,CR2,CR3,CR4,CR5,CR6,CR7,CR8",8,ESD9B5.0ST5G,Diode_SMD:D_SOD-923,,ESD9B5.0ST5G,ESD9B5.0ST5GOSCT-ND,SOD-923,Clamp Ipp Tvs Diode Surface Mount SOD-923,https://www.digikey.com/en/products/detail/onsemi/ESD9B5.0ST5G/1646497?gclsrc=aw.ds&amp;gad_source=1&amp;gad_campaignid=20228387720&amp;gbraid=0AAAAADrbLljBMhNUVG-rzuoMNwKBbZPy8&amp;gclid=Cj0KCQjwsdnNBhC4ARIsAA_3hehxCLayIPSIKGiQEhMrIH0sEeUNKTF63aNjFOZzkEN9xm8_uOAb0MIaAisHEALw_wcB,0.1,"PARTIAL - no legacy row for CR4,CR5,CR6,CR7,CR8",,
"D1,D3",2,LED Red 630nm,LED_SMD:LED_0603_1608Metric,,150060SS75000,732-4979-1-ND,603.0,Red 630nm LED Indication - Discrete 1.9V 0603 (1608 Metric),https://www.digikey.com/en/products/detail/w-rth-elektronik/150060SS75000/4489902?gclsrc=aw.ds&amp;gad_source=1&amp;gad_campaignid=20228387720&amp;gbraid=0AAAAADrbLlglmMc6JuF2-jDkMGMW4afMq&amp;gclid=Cj0KCQjwsdnNBhC4ARIsAA_3hejXA_C1tAeAtWHTroiSVEFnT_TYWq_vbgpm9vGmXIy-nImqx69iZh8aAmfkEALw_wcB,0.15,carried forward,Light emitting diode,
"D2,D4",2,LED Green 573nm,LED_SMD:LED_0603_1608Metric,,150060VS55040,732-12017-1-ND,603.0,Green 573nm LED Indication - Discrete 2V 0603 (1608 Metric),https://www.we-online.com/components/products/datasheet/150060VS55040.pdf,0.19,carried forward,Light emitting diode,
J2,1,1054500101,Bingbong_library:MOLEX_1054500101,,1.054500101E9,WM12856CT-ND,--,"USB-C (USB TYPE-C) USB 3.2 Gen 2 (USB 3.1 Gen 2, Superspeed + (USB 3.1",https://www.molex.com/pdm_docs/ps/PS-105448-001.pdf,2.4,carried forward,,
"J3,J8",2,CONMHF1-SMD-T,Bingbong_library:TE_CONMHF1-SMD-T,,CONMHF1-SMD-T,343-CONMHF1-SMD-TCT-ND,--,"U.FL (UMCC) Connector Jack, Male Pin 50 Ohms Surface Mount Solder",https://www.te.com/commerce/DocumentDelivery/DDEController?Action=srchrtrv&amp;DocNm=conmhf1-smd-g-t-ds&amp;DocType=Data+Sheet&amp;DocLang=English&amp;DocFormat=pdf&amp;PartCntxt=CONMHF1-SMD-T,0.21,PARTIAL - no legacy row for J8,,
J4,1,Conn_01x02_Pin,Connector_JST:JST_SH_BM02B-SRSS-TB_1x02-1MP_P1.00mm_Vertical,,BM02B-SRSS-TBT,455-BM02B-SRSS-TBTCT-ND,--,Connector Header Surface Mount 2 position 0.039&quot; (1.00mm),https://www.jst-connector.com/datasheet/jst-connector/BM02B-SRSS-TB.pdf,0.56,carried forward,"Generic connector, single row, 01x02, script generated",
J5,1,ER-CON26HT-1,Bingbong_library:Conn_Zif_26Pin,,--,--,--,26 Pins 0.5mm Pitch ZIF Connector (FPC Connector),https://www.buydisplay.com/download/connector/ER-CON26HT-1.pdf,0.16,carried forward,ZIF FFC 26-pin 0.5mm for buydisplay ER-OLED018-1 (SSD1326 256x32 OLED),NO MPN
J6,1,Conn_01x05_Pin,Connector_PinHeader_2.54mm:PinHeader_1x05_P2.54mm_Vertical,,,,,,~,,NEW - needs MPN,"Generic connector, single row, 01x05, script generated",NO MPN
J7,1,2452808-1,Bingbong_library:TE_2452808-1,,2452808-1,343-2452808-1CT-ND,--,"8 (6 + 2) Position Card Connector NANO SIM Surface Mount, Right Angle ",https://www.te.com/usa-en/product-2452808-1.datasheet.pdf,1.36,carried forward,,
L1,1,3.3uH,Inductor_SMD:L_1008_2520Metric,,MLZ1608A2R2WTD25,445-MLZ1608A2R2WTD25CT-ND,603.0,2.2 µH Shielded Multilayer Inductor 500 mA 250mOhm 0603 (1608 Metric),https://product.tdk.com/en/system/files?file=dam/doc/product/inductor/inductor/smd/catalog/inductor_automotive_decoupling_mlz1608_en.pdf,0.13,carried forward,Inductor,PACKAGE MISMATCH sch=1008 bom=0603
L2,1,22uH,Inductor_SMD:L_0805_2012Metric,,MLZ2012P220WT000,445-15751-1-ND,805.0,22 µH Shielded Multilayer Inductor 220 mA 1.25Ohm 0805 (2012 Metric),https://product.tdk.com/en/system/files?file=dam/doc/product/inductor/inductor/smd/catalog/inductor_commercial_decoupling_mlz2012_en.pdf,0.1,carried forward,Inductor,
Q1,1,SMMBT2222ALT3G,Bingbong_library:SOT-23-3_1P4X3P040_ONS,,SMMBT2222ALT3G,SMMBT2222ALT3GOSCT-ND,SOT-23-3,Bipolar (BJT) Transistor NPN 40 V 600 mA 300MHz 300 mW Surface Mount S,https://www.onsemi.com/pdf/datasheet/mmbt2222lt1-d.pdf,0.18,carried forward,"NPN transistor, SOT-23, pin 1 base, pin 2 emitter, pin 3 collector",
"R1,R14,R18,R20,R37",5,10k,Resistor_SMD:R_0402_1005Metric,,RC0402JR-0710KL,311-10KJRCT-ND,402.0,"10 kOhms ±5% 0.063W, 1/16W Chip Resistor 0402 (1005 Metric) Moisture R",https://www.yageogroup.com/content/datasheet/asset/file/PYU-RC_GROUP_51_ROHS_L,0.1,PARTIAL - no legacy row for R37,Resistor,
"R2,R6,R9,R15,R16,R31,R32,R33,R35",9,100k,Resistor_SMD:R_0402_1005Metric,,RC0402JR-0710KL/RE0402FRE07100KL,13-RE0402FRE07100KLCT-ND,402.0,"100 kOhms ±1% 0.063W, 1/16W Chip Resistor 0402 (1005 Metric) Thick Fil",https://yageogroup.com/content/Resource%20Library/Datasheet/PYU-RE_105_ROHS_L.pdf,0.1,"PARTIAL - no legacy row for R31,R32,R33,R35",Resistor,MPN CONFLICT
"R3,R12,R36",3,1k,Resistor_SMD:R_0402_1005Metric,,AF0402JR-071KL,13-AF0402JR-071KLCT-ND,402.0,"1 kOhms ±5% 0.063W, 1/16W Chip Resistor 0402 (1005 Metric) Anti-Sulfur",https://yageogroup.com/content/Resource%20Library/Datasheet/PYU-AF_51_ROHS_L.pdf,0.1,PARTIAL - no legacy row for R36,Resistor,
"R4,R5,R17,R19",4,0,Resistor_SMD:R_0402_1005Metric,,RC0402JR-130RL,13-RC0402JR-130RLCT-ND,402.0,0 Ohms Jumper Chip Resistor 0402 (1005 Metric) Moisture Resistant Thic,https://yageogroup.com/content/datasheet/asset/file/PYU-RC_GROUP_51_ROHS_L,0.1,carried forward,Resistor,
"R7,R8",2,5.1k,Resistor_SMD:R_0402_1005Metric,,AF0402FR-075K1L,13-AF0402FR-075K1LCT-ND,402.0,"5.1 kOhms ±1% 0.063W, 1/16W Chip Resistor 0402 (1005 Metric) Anti-Sulf",https://yageogroup.com/content/Resource%20Library/Datasheet/PYU-AF_51_ROHS_L.pdf,0.1,carried forward,Resistor,
"R11,R13",2,680R,Resistor_SMD:R_0402_1005Metric,,AF0402JR-071KL,13-AF0402JR-071KLCT-ND,402.0,"1 kOhms ±5% 0.063W, 1/16W Chip Resistor 0402 (1005 Metric) Anti-Sulfur",https://yageogroup.com/content/Resource%20Library/Datasheet/PYU-AF_51_ROHS_L.pdf,0.1,carried forward,Resistor,
R21,1,680k,Resistor_SMD:R_0603_1608Metric,,ERJ-3GEYJ684V,P680KGCT-ND,603.0,"680 kOhms ±5% 0.1W, 1/10W Chip Resistor 0603 (1608 Metric) Automotive ",https://industrial.panasonic.com/cdbs/www-data/pdf/RDA0000/AOA0000C301.pdf,0.1,carried forward,Resistor,
"R22,R23,R26",3,10k,Resistor_SMD:R_0603_1608Metric,,ERJ-3GEYJ103V,P10KGCT-ND,603.0,"10 kOhms ±5% 0.1W, 1/10W Chip Resistor 0603 (1608 Metric) Automotive A",https://industrial.panasonic.com/cdbs/www-data/pdf/RDA0000/AOA0000C301.pdf,0.1,carried forward,Resistor,
R24,1,10k,Resistor_SMD:R_0402_1005Metric,DNP,RC0402JR-0710KL,,,,https://ww1.microchip.com/downloads/aemDocuments/documents/APID/ProductDocuments/DataSheets/MCP73871-Data-Sheet-DS20002090F.pdf,,family-fill from identical value+package,Optional MCP73871 THERM bypass resistor; populate only when no battery,
R27,1,110k,Resistor_SMD:R_0603_1608Metric,,RT0603FRE07110KL,13-RT0603FRE07110KLCT-ND,603.0,"110 kOhms ±1% 0.1W, 1/10W Chip Resistor 0603 (1608 Metric) Thin Film",https://yageogroup.com/content/datasheet/asset/file/PYU-RT_1-TO-0-01_ROHS_L,0.1,carried forward,Resistor,
R28,1,2k,Resistor_SMD:R_0603_1608Metric,,RC0603JR-072KL,311-2.0KGRCT-ND,603.0,"2 kOhms ±5% 0.1W, 1/10W Chip Resistor 0603 (1608 Metric) Moisture Resi",https://yageogroup.com/content/datasheet/asset/file/PYU-RC_GROUP_51_ROHS_L,0.1,carried forward,Resistor,
R34,1,40.2k,Resistor_SMD:R_0402_1005Metric,,,,,,~,,NEW - needs MPN,Resistor,NO MPN
"S1,S2",2,TS04-66-70-BK-100-SMT,Bingbong_library:SW_TS04-66-70-BK-100-SMT,,TS04-66-70-BK-100-SMT,2223-TS04-66-70-BK-100-SMT-ND,--,Tactile Switch SPST-NO Top Actuated Surface Mount,https://www.cuidevices.com/product/resource/ts04.pdf,0.19,carried forward,,
SW1,1,SW_Push,Button_Switch_Keyboard:SW_Cherry_MX_1.00u_PCB,,KS-9Y10B060NW-G43,--,--,Gateron POM Banana Smoothie Switch,--,0.5,carried forward,"Push button switch, generic, two pins",
TH1,1,Battery_NTC,Connector_JST:JST_PH_B2B-PH-K_1x02_P2.00mm_Vertical,,ND03N00103K--,478-ND03N00103K---ND,--,"NTC Thermistor 10k Disc, 3.5mm Dia x 3.0mm W",https://datasheets.kyocera-avx.com/NTC_DiscThermistors.pdf,0.41,carried forward,"External battery NTC connector for MCP73871 THERM input; pin 1 THERM, ",
U1,1,R1200N002A-TR-FE,Package_TO_SOT_SMD:SOT-23-6,,R1200N002A-TR-FE,2129-R1200N002A-TR-FECT-ND,SOT-23-6,Boost Switching Regulator IC Positive Adjustable 1 Output 700mA (Switc,https://www.nisshinbo-microdevices.co.jp/en/pdf/datasheet/r1200-ea.pdf,1.24,carried forward,,
U2,1,BG95M3LA-64-SGNS,Bingbong_library:XCVR_BG95M3LA-64-SGNS,,BG95M3LA-64-SGNS,2958-BG95M3LA-64-SGNSTR-ND,Module,"Cellular, Navigation BeiDou, EGDE, Galileo, GLONASS, GPS, GNSS, GSM, L",https://mm.digikey.com/Volume0/opasdata/d220001/medias/docus/7133/Quectel_BG95_Series_LPWA_Specification_V2.2.pdf?_gl=1*1lqyhe8*_up*MQ..*_gs*MQ..&amp;gclid=CjwKCAiAj8LLBhAkEiwAJjbY71uk-z4DRtOWEBU6-cNxo2Mgz5wAqGJc7cDLQD4LCWGlyD-O44OwaBoCci0QAvD_BwE&amp;gclsrc=aw.ds&amp;gbraid=0AAAAADrbLlhpL9dN2v-6wTce1e9qlI5F_,27.46,carried forward,,
U3,1,SN74AVC2T245RSWR,Bingbong_library:QFN40P180X140X55-10N,,SN74AVC2T245RSWR,296-23684-1-ND,10-UQFN,Translation Transceiver 1 Element 2 Bit per Element 3-State Output 10-,https://www.ti.com/general/docs/suppproductinfo.tsp?distId=10&amp;gotoUrl=https%3A%2F%2Fwww.ti.com%2Flit%2Fgpn%2Fsn74avc2t245,1.2,carried forward,,
U5,1,TPD2EUSB30ADRTR,Bingbong_library:SOTFL35P100X50-3N,,TPD2EUSB30ADRTR,296-28153-1-ND,"3-SMD, SOT-23-3",8V Clamp 1A (8/20µs) Ipp Tvs Diode Surface Mount SOT-3,https://www.ti.com/general/docs/suppproductinfo.tsp?distId=10&amp;gotoUrl=https%3A%2F%2Fwww.ti.com%2Flit%2Fgpn%2Ftpd2eusb30a,0.72,carried forward,,
U6,1,TPS62172DSGR,Bingbong_library:SON50P200X200X80-9N,,TPS62172DSGR,296-39449-1-ND,8-WFDFN Exposed Pad,Buck Switching Regulator IC Positive Fixed 3.3V 1 Output 500mA 8-WFDFN,https://www.ti.com/general/docs/suppproductinfo.tsp?distId=10&amp;gotoUrl=https%3A%2F%2Fwww.ti.com%2Flit%2Fgpn%2Ftps62171,1.32,carried forward,,
U8,1,MCP73871-2CCI_ML,Bingbong_library:QFN50P400X400X100-21N,,MCP73871-2CCI/ML,MCP73871-2CCI/ML-ND,20-VFQFN Exposed Pad,Charger IC Lithium Ion/Polymer 20-QFN (4x4),https://ww1.microchip.com/downloads/en/DeviceDoc/30009610F.pdf,2.41,carried forward,Li-Ion/Li-Polymer charger with load sharing and power path management,MPN CONFLICT
U10,1,ESP32-S2-SOLO-2U-N4,Bingbong_library:ESP32-S2-SOLO-2U_EXP,,ESP32-S2-SOLO-2U-N4,1965-ESP32-S2-SOLO-2U-N4CT-ND,41-SMD Module,"WiFi 802.11b/g/n Transceiver Module 2.4GHz Antenna Not Included, U.FL ",https://www.digikey.com/en/models/16591894?_gl=1*8q920v*_up*MQ..*_gs*MQ..&amp;gclid=Cj0KCQiA1czLBhDhARIsAIEc7ujUMfvhVTbIAm7uOARL1eJ_gSpgUX9L4k7fFhzd-yQGPTRjYIsVGf0aAoVJEALw_wcB&amp;gclsrc=aw.ds&amp;gbraid=0AAAAADrbLlg-uUmZsUctgwf_OdSrXEBwX,4.29,carried forward,,
