pos_x,pos_y,rotation,side,designator,mpn,pack,footprint,value,mount_type
110.97,-103.5812,0.0,top,C1,,,C_0402_1005Metric,0.1uF,smt
127.424,-149.6535,90.0,top,C10,,,C_0402_1005Metric,22uF,smt
115.951,-100.8126,-90.0,top,C11,,,C_0402_1005Metric,1uF,smt
114.3762,-102.4128,180.0,top,C12,,,C_0402_1005Metric,1uF,smt
130.937,-68.199,0.0,top,C13,,,C_0402_1005Metric,22uF,smt
128.867,-154.283,90.0,top,C14,,,C_0402_1005Metric,4.7uF,smt
126.327,-157.331,90.0,top,C15,,,C_0402_1005Metric,10uF,smt
131.915,-154.283,90.0,top,C16,,,C_0402_1005Metric,4.7uF,smt
122.654,-147.574,0.0,top,C17,,,C_0402_1005Metric,0.1uF,smt
122.809,-150.114,0.0,top,C18,,,C_0402_1005Metric,0.1uF,smt
131.0148,-52.996798,180.0,top,C19,,,C_0402_1005Metric,0.1uF,smt
113.002,-103.5812,0.0,top,C2,,,C_0402_1005Metric,1uF,smt
131.0148,-51.933798,180.0,top,C20,,,C_0402_1005Metric,22uF,smt
126.0602,-75.4126,180.0,top,C21,,,C_0603_1608Metric,0.1uF,smt
126.5936,-89.6112,-90.0,top,C22,,,C_1206_3216Metric,4.7uF,smt
126.5936,-84.7598,90.0,top,C23,,,C_1206_3216Metric,4.7uF,smt
114.3,-83.2002,180.0,top,C24,,,C_0603_1608Metric,1uF,smt
114.0968,-81.6254,180.0,top,C25,,,C_0603_1608Metric,1uF,smt
114.0714,-80.076,180.0,top,C26,,,C_0603_1608Metric,220pF,smt
130.9624,-65.8368,180.0,top,C29,,,C_0402_1005Metric,1uF,smt
128.778,-142.339949,-90.0,top,C3,,,CP_Radial_D8.0mm_P3.50mm,470 mF,tht
112.7418,-135.072,90.0,top,C4,,,C_0402_1005Metric,0.1uF,smt
112.7418,-137.132,-90.0,top,C5,,,C_0402_1005Metric,0.1uF,smt
126.0602,-76.9366,180.0,top,C6,,,C_0603_1608Metric,0.1uF,smt
130.937,-69.215,0.0,top,C7,,,C_0402_1005Metric,0.1uF,smt
122.344,-152.1935,90.0,top,C8,,,C_0402_1005Metric,10uF,smt
127.424,-153.7175,-90.0,top,C9,,,C_0402_1005Metric,10uF,smt
126.0729,-92.9894,0.0,top,CR1,,,DFN1006D-2_SOD882D_NEX,PESD5V0F1BLD_315,smt
126.111,-94.5642,0.0,top,CR2,,,DFN1006D-2_SOD882D_NEX,PESD5V0F1BLD_315,smt
126.1618,-96.2152,0.0,top,CR3,,,DFN1006D-2_SOD882D_NEX,PESD5V0F1BLD_315,smt
126.9746,-102.0826,180.0,top,D1,,,LED_0603_1608Metric,RED LED,smt
127.851,-164.951,90.0,top,D2,,,LED_0603_1608Metric,LED,smt
131.915,-164.951,90.0,top,D3,,,LED_0603_1608Metric,LED,smt
129.883,-164.951,90.0,top,D4,,,LED_0603_1608Metric,LED,smt
117.7036,-92.3036,-90.0,top,J1,,,CONN_503398-1892_MOL,5033981892,smt
120.262,-166.013,0.0,top,J2,,,MOLEX_1054500101,1054500101,smt
130.1986,-136.271,0.0,top,J3,,,TE_CONMHF1-SMD-T,CONMHF1-SMD-T,smt
113.259,-164.723,180.0,top,J4,,,PinHeader_1x02_P1.00mm_Vertical,Conn_01x02_Pin,tht
130.5568,-80.1878,90.0,top,J5,,,Conn_Zif_26Pin,Conn_01x28_Socket,smt
131.572,-101.8794,180.0,top,J6,,,PinHeader_1x05_P2.54mm_Vertical,Conn_01x05_Pin,tht
128.44,-151.6855,180.0,top,L1,,,L_0603_1608Metric,2.2uH,smt
117.8122,-83.2492,0.0,top,L2,,,L_0805_2012Metric,22uH,smt
118.872,-102.0191,180.0,top,Q1,,,SOT-23-3_1P4X3P040_ONS,SOT-23,smt
118.2878,-74.361,0.0,top,Q2,,,SOT-23,FDN340P,smt
113.0046,-75.377,0.0,top,Q3,,,SOT-23,SS8050,smt
122.4534,-103.0732,90.0,top,R1,,,R_0402_1005Metric,10k,smt
112.9538,-100.838,-90.0,top,R10,,,R_0402_1005Metric,100k,smt
127.851,-162.411,-90.0,top,R11,,,R_0402_1005Metric,470,smt
131.915,-162.411,-90.0,top,R12,,,R_0402_1005Metric,470,smt
129.883,-162.411,-90.0,top,R13,,,R_0402_1005Metric,470,smt
132.9182,-157.9372,-90.0,top,R14,,,R_0402_1005Metric,10k,smt
132.9182,-159.8676,90.0,top,R15,,,R_0402_1005Metric,10k,smt
130.391,-154.283,-90.0,top,R16,,,R_0402_1005Metric,100k,smt
131.0148,-54.097798,180.0,top,R17,,,R_0402_1005Metric,0,smt
116.4098,-48.808798,0.0,top,R18,,,R_0402_1005Metric,10k,smt
131.0148,-55.155798,180.0,top,R19,,,R_0402_1005Metric,0,smt
127.0254,-103.5304,0.0,top,R2,,,R_0402_1005Metric,100k,smt
130.9116,-66.8528,0.0,top,R20,,,R_0402_1005Metric,10k,smt
126.0602,-73.8886,180.0,top,R21,,,R_0603_1608Metric,680k,smt
126.2634,-81.5086,180.0,top,R22,,,R_0603_1608Metric,10k,smt
126.2634,-79.9592,180.0,top,R23,,,R_0603_1608Metric,10k,smt
118.7958,-76.9874,0.0,top,R26,,,R_0603_1608Metric,10k,smt
121.3104,-80.0608,-90.0,top,R27,,,R_0603_1608Metric,110k,smt
114.0714,-78.4504,180.0,top,R28,,,R_0603_1608Metric,2k,smt
112.5728,-72.583,0.0,top,R29,,,R_0603_1608Metric,1k,smt
125.0696,-103.5304,180.0,top,R3,,,R_0402_1005Metric,4.7k,smt
115.697,-76.8248,180.0,top,R30,,,R_0603_1608Metric,10k,smt
122.682,-146.431,0.0,top,R4,,,R_0402_1005Metric,0,smt
122.778,-148.998,0.0,top,R5,,,R_0402_1005Metric,0,smt
121.3612,-103.0732,90.0,top,R6,,,R_0402_1005Metric,100k,smt
118.745,-156.9212,180.0,top,R7,,,R_0402_1005Metric,5.1k,smt
121.031,-156.591,-90.0,top,R8,,,R_0402_1005Metric,5.1k,smt
125.392,-150.1615,0.0,top,R9,,,R_0402_1005Metric,100k,smt
115.697,-145.034,180.0,top,S1,,,SW_TS04-66-70-BK-100-SMT,TS04-66-70-BK-100-SMT,smt
115.697,-152.273,0.0,top,S2,,,SW_TS04-66-70-BK-100-SMT,TS04-66-70-BK-100-SMT,smt
123.063,-142.621,0.0,bottom,SW1,,,SW_Cherry_MX_1.00u_PCB,SW_Push,tht
111.76,-157.627,0.0,top,TH1,,,PinSocket_1x02_P2.54mm_Vertical,10k,tht
117.8251,-80.1624,0.0,top,U1,,,SOT-23-6,~,smt
120.0928,-59.9368,180.0,top,U10,,,ESP32-S2-SOLO-2U_EXP,ESP32-S2-SOLO-2U-N4,smt
120.009,-118.922,180.0,top,U2,,"SMD Quectel Wireless Solutions Co., Ltd",XCVR_BG95M3LA-64-SGNS,BG95M3LA-64-SGNS,smt
110.8468,-136.288,0.0,top,U3,,UQFN-10 Texas Instruments,QFN40P180X140X55-10N,SN74AVC2T245RSWR,smt
130.8878,-50.586798,180.0,top,U5,,,SOTFL35P100X50-3N,TPD2EUSB30ADRTR,smt
124.915,-152.4595,0.0,top,U6,,,SON50P200X200X80-9N,TPS62172DSGR,smt
114.44732,-100.82022,-90.0,top,U7,,,TDFN1010-4LD-PL-2_MCH,MIC5504-1.8YMT-TR,smt
129.786,-158.339,0.0,top,U8,,,QFN50P400X400X100-21N,MCP73871-2CCI_ML,smt
